{"KspC": [-11382.579734356703, 140.75110225391444, 100.78286741935626, 5.103699696672272, 2.8341645342557333, -26.208997839722674, 5.648810304017833, -71.75169103787464, -3.0299725797735353, -11.670873531298785, 124.82008928181054, 219.53449081253729, -29.439807671718526, 7.827220192047216, -78.08147512086558, 0.0006836516693686789, -0.957812276074393, -12.988035438439333, 13.373275422974764, 50.56375608669076, 26.762135080365905, 0.0004795256268010917, -0.7968178745791725, -0.00029662222875787014, -0.0026595902616577405, 0.024554761204790054, -6.410127029584698, 0.42989780824503776, 1.902630224448406, -19.8690284399094, 5.004257417340341e-07, -0.0009201961741958087, -0.009487808850952018, 0.014252494245511116, 0.03064047778214274, 0.018379521417477562, 185.8066576623466, 11.15436141378865, 13.72065862738408, -159.02437327521523, -0.0001425421138208094, 0.22477807774675185, 2.782272573628461, -3.1877062321093135, -10.621442193900371, -5.733067929964417, 3.361574840710091e-08, -0.0003714383974582347, -0.00044775862428991786, 0.028874975517275914, 0.05031039115922553, 0.024707335116413986, 0.30970504013422967, 0.8918617045653078, 0.8552348377868446, 0.2722628310200763], "KspA": [-11382.579734356703, 140.75110225391444, 100.78286741935626, 5.103699696672272, 2.8341645342557333, -26.208997839722674, 5.648810304017833, -71.75169103787464, -3.0299725797735353, -11.670873531298785, 124.82008928181054, 219.53449081253729, -29.439807671718526, 7.827220192047216, -78.08147512086558, 0.0006836516693686789, -0.957812276074393, -12.988035438439333, 13.373275422974764, 50.56375608669076, 26.762135080365905, 0.0004795256268010917, -0.7968178745791725, -0.00029662222875787014, -0.0026595902616577405, 0.024554761204790054, -6.410127029584698, 0.42989780824503776, 1.902630224448406, -19.8690284399094, 5.004257417340341e-07, -0.0009201961741958087, -0.009487808850952018, 0.014252494245511116, 0.03064047778214274, 0.018379521417477562, 185.8066576623466, 11.15436141378865, 13.72065862738408, -159.02437327521523, -0.0001425421138208094, 0.22477807774675185, 2.782272573628461, -3.1877062321093135, -10.621442193900371, -5.733067929964417, 3.361574840710091e-08, -0.0003714383974582347, -0.00044775862428991786, 0.028874975517275914, 0.05031039115922553, 0.024707335116413986, 0.30970504013422967, 0.8918617045653078, 0.8552348377868446, 0.2722628310200763], "K1": [-6.390997335277603, 1.083187747493825, 1.1471539193155789, 1.0859509789258674, -1.8939055513388527, 2.805284001834675, -0.05377002130423908, -2.182372409691125, 0.20313083602612367, 8.953477491459251, -13.186121201210943, 2.3219706540672562, 1.4748273420509952, -5.614987949795538, 8.295019352237539, 2.2209372529292045e-05, -3.4937508273774345, -3.7951384952281138, 5.274090850556272, 13.389465010525953, 9.306275065302382, -2.79689392299054e-06, 0.006947958109652305, 1.9506948097160214e-05, 0.0017859927021796826, -0.002635617742106078, 0.46217275918017275, -0.028778927896457633, -1.428396654541446, 2.1041759536832823, 1.990801079543303e-08, -0.002506226168621284, -0.002654665885440069, 0.0037787393471369057, 0.00951444064379281, 0.006594644147404516, 0.9272690828141061, -0.7053868564350623, -11.33852413477636, 16.669034049643415, -5.6985678971166465e-06, 0.7449690635829791, 0.8057386337222603, -1.1222633137475713, -2.846912981442861, -1.9787625334032253, 2.1355459178806768e-08, 4.621234446133826e-05, -3.530754022751381e-05, -0.00018548287269126718, -0.00018004454815834237, 3.316870176939268e-05, -0.0001960787562787225, 0.00014204553043562634, 0.00011644752169004055, -0.00022785464365635], "K2": [-11354.263665967288, 140.47896482455366, 100.6320847688485, 5.092066988227552, 2.9601812245473114, -25.974440867166173, 5.629668278547689, -71.76916233384783, -3.02737057917754, -12.368070629438911, 123.74700502833923, 219.21175575758969, -29.408519896294735, 8.211366510224492, -77.40172106612945, 0.0006843668327270718, -0.8249800584920287, -13.3578228181644, 5.48823918574967, 49.5582867176978, 3.113891828243701, 0.00047808452667652546, -0.7941803026135617, -0.00029639784953128245, -0.002811244765155152, 0.024339526559604252, -6.351315089435586, 0.42953461207537413, 2.0160564917042234, -19.696865217160145, 5.144215862173951e-07, -0.000902667100948662, -0.009780729292298673, -0.03984457683798581, -0.07162159797723433, -0.0479158957041399, 185.42022149647735, 11.143736821629574, 14.532868908561259, -157.713964221125, -0.00014364329692284628, 0.2007640038794527, 2.862444344463512, 1.3938516181340557, -4.648103207592079, 1.8792134257629343, 1.7862660683931608e-08, -0.0003300284554228483, -0.0003137990833153026, -0.13916864924627603, -0.25587525103489206, -0.09571339650399224, 0.7771622305160903, 2.320193421272624, 2.300536986564357, 0.758017389127934], "KW": [29.925302791873236, -0.6744479368532884, -0.5182768593999223, 0.02636571969746702, -0.9970548478595117, 0.33640080496399494, -0.005019300646721947, 0.6886920256030962, 0.017279699903636602, 3.5636634501912012, -1.102244570234451, -0.9773824035088785, 0.2515458658142376, -2.9278499729967353, 0.9263641043614899, -0.002231978471746321, -2.558192741348013, -1.941167106575848, 100.67165502734557, 67.4269892172105, 17.883086840267246, -9.23721858531179e-07, 0.0008725142913549797, 1.1499741283515358e-06, 0.00029640364917993267, -0.00014053981972539376, -0.08355898969621517, -0.0023186935773384654, -0.5143274045076637, 0.16682782122396164, -1.4691271305045106e-06, -0.002281157577241899, -0.0010863378518211064, 0.021803072801546364, -0.00497262237827556, 0.010242166404779596, -0.6805368735431321, -0.08574563584759431, -5.906844177859883, 1.6240356102685327, 0.0004787233509553346, 0.5986199889591108, 0.3921753976753255, -18.5712310079424, -11.505934010616148, -4.062610240184844, -1.2628067302955515e-07, -0.0007746958416259275, -0.00023123930379997937, -0.21581536357649078, -0.1641648555692301, 0.08174003426064758, 1.636843665411787, 2.9173602660457987, 1.0027917382692209, -0.38206954278202526], "KB": [-40.62332468744665, 1.9563422498081162, 1.5119165506573924, 0.29201891411694847, 0.19551822323523843, -0.5903154559806063, -0.030768735579086194, -2.3183223371080417, -0.001347605029896673, 2.776686719739639, 3.357853232437322, 2.4974096291282857, -0.1531106011643512, -0.11434304471757305, -1.7601584693082413, 9.508122027255172e-05, 0.8352536598568389, 0.834579834195494, 1300.1388920582935, 3067.9848350645752, 1706.5078820289923, -1.0111523659483979e-06, 0.003757928353840324, 2.2513119051311608e-08, 0.0009012564049540872, 0.0009082871738228526, 0.40512776390420313, 0.00014881438609104514, -0.4781563820973905, -0.5608062464915877, 6.743179326029747e-08, 0.0005183244685542654, 0.0006124554304467456, 0.9274613994225547, 2.2038678191715917, 1.2404116470438566, 1.320733948978983, 0.02232335765873472, -2.887003309394956, -3.5806373982938577, -2.077041245485134e-05, -0.1683520601429791, -0.17078205010557213, -277.07173611356524, -654.8401840994638, -365.2083239089845, 7.185357731032127e-08, -5.710074177045499e-05, -2.9679207891319948e-05, 0.16510565570547442, 0.5011500545833201, 0.38128124628131843, 5.800859056715538, 26.26407941857783, 39.32970729494745, 19.600067257039207],